,Data Medicao,PRECIPITACAO,TEMPERATURA_MAXIMA_MEDIA,TEMPERATURA_MEDIA,TEMPERATURA_MINIMA_MEDIA,PET,BAL,SPI6,SPEI3,Date,ano,mes,frequencia_incendios,mes_numero
0,1998-01-31,246.3,27.396774,22.299355,18.716129,143.629881630536,102.670118369464,-0.645231827300048,-0.877155392018083,01/1998,1998,Janeiro,0,1
1,1998-02-28,128.1,28.242857,23.052143,19.210714,130.768556440464,-2.66855644046422,-0.883086606408822,-0.78777550466685,02/1998,1998,Fevereiro,0,2
2,1998-03-31,263.1,28.177419,22.981935,19.016129,135.845003190529,127.254996809471,-0.939383591165736,0.306158692627795,03/1998,1998,Março,0,3
3,1998-04-30,67.0,28.416667,23.084667,19.163333,116.925413635604,-49.9254136356044,-0.89599905786306,-0.649762551021295,04/1998,1998,Abril,0,4
4,1998-05-31,38.8,26.019355,20.552903,16.303226,100.921859345249,-62.1218593452494,-0.547965319509287,-0.19561220488924,05/1998,1998,Maio,0,5
5,1998-06-30,7.4,25.57,19.483333,14.33,93.5637756586288,-86.1637756586288,-0.057832928529257,-0.493272049194946,06/1998,1998,Junho,2,6
6,1998-07-31,0.0,26.141935,19.844516,14.029032,103.90532012074,-103.90532012074,-0.388222582326636,0.615461261368548,07/1998,1998,Julho,17,7
7,1998-08-31,9.7,28.722581,22.444516,16.877419,124.621604615338,-114.921604615338,-0.0005306186763295,-0.194895203275738,08/1998,1998,Agosto,48,8
8,1998-09-30,20.7,30.593333,23.984,18.156667,147.47783791401,-126.77783791401,-0.642180076885905,-0.561441002592991,09/1998,1998,Setembro,31,9
9,1998-10-31,125.8,28.377419,22.690323,18.545161,145.648732540115,-19.8487325401145,0.0079503903260029,-0.0809672010854803,10/1998,1998,Outubro,3,10
10,1998-11-30,300.5,26.436667,21.247333,17.756667,134.112798116807,166.387201883193,0.216871289145522,0.32888280504474,11/1998,1998,Novembro,0,11
11,1998-12-31,167.8,26.735484,21.590323,18.187097,140.733967779939,27.0660322200607,-0.346550438773014,-0.197176812061644,12/1998,1998,Dezembro,0,12
12,1999-01-31,70.8,27.183871,22.078065,18.33871,143.937115666735,-73.1371156667355,-1.26799868098617,-1.26042003932388,01/1999,1999,Janeiro,0,1
13,1999-02-28,108.6,27.839286,22.529286,18.532143,131.01478738118,-22.41478738118,-1.69808301931384,-1.8730301725907,02/1999,1999,Fevereiro,2,2
14,1999-03-31,228.1,26.829032,21.842581,18.203226,128.374133078042,99.7258669219582,-1.53201342818112,-1.43695770204012,03/1999,1999,Março,0,3
15,1999-04-30,60.9,27.4,21.648,17.143333,118.607296671672,-57.7072966716715,-1.5457422138625,-1.01208103869656,04/1999,1999,Abril,0,4
16,1999-05-31,8.9,26.23871,20.208387,15.141935,106.550431725446,-97.6504317254456,-2.20329493608555,-0.67360611765427,05/1999,1999,Maio,0,5
17,1999-06-30,3.3,26.396667,20.141333,14.446667,97.6789999190134,-94.3789999190135,-1.82947267493346,-1.0763610667927,06/1999,1999,Junho,3,6
18,1999-07-31,0.0,25.748387,19.885161,14.748387,99.4428182097695,-99.4428182097695,-1.09243691306111,-0.761352634950339,07/1999,1999,Julho,4,7
19,1999-08-31,0.0,26.483871,19.899355,14.029032,119.782715056512,-119.782715056512,-0.641127968687727,-0.572021366023637,08/1999,1999,Agosto,15,8
20,1999-09-30,59.9,28.656667,22.436,17.286667,136.319626054548,-76.4196260545476,-0.774571441046337,0.450109710754552,09/1999,1999,Setembro,12,9
21,1999-10-31,200.1,27.493548,22.233548,17.987097,140.712824680356,59.3871753196445,0.600473720443075,0.892673524158651,10/1999,1999,Outubro,8,10
22,1999-11-30,289.8,26.163333,20.998667,17.496667,133.114034797867,156.685965202133,0.822211039575022,1.0782654280912,11/1999,1999,Novembro,1,11
23,1999-12-31,206.3,25.741935,21.066452,17.806452,133.280897631358,73.0191023686423,0.484311326014566,0.591579491843894,12/1999,1999,Dezembro,0,12
24,2000-01-31,130.0,26.545161,21.614194,18.151613,138.787084094174,-8.78708409417379,0.0496753832635195,-0.36101839546706,01/2000,2000,Janeiro,0,1
25,2000-02-29,168.3,26.672414,21.56,17.810345,124.898208032479,43.4017919675212,0.0447343131327112,-0.848788572299078,02/2000,2000,Fevereiro,0,2
26,2000-03-31,229.6,26.006452,21.314839,18.067742,121.691853605834,107.908146394166,-0.0604254599783407,-0.301688344172582,03/2000,2000,Março,0,3
27,2000-04-30,98.8,26.476667,21.133333,16.99,112.535913254877,-13.7359132548772,-0.505860824163565,-0.21860943389236,04/2000,2000,Abril,0,4
28,2000-05-31,0.0,26.458065,20.374194,15.016129,108.32632925762,-108.32632925762,-0.95101501216414,-0.39915543941539,05/2000,2000,Maio,2,5
29,2000-06-30,0.0,25.68,19.254,13.54,96.3617500948532,-96.3617500948532,-0.80559460221889,-0.721775280853366,06/2000,2000,Junho,1,6
30,2000-07-31,0.2,25.574194,18.994194,13.596774,101.958978967387,-101.758978967387,-0.440604076551667,-1.33152577752892,07/2000,2000,Julho,15,7
31,2000-08-31,56.3,27.716129,21.50129,15.903226,121.416141787745,-65.1161417877453,-0.0081985865715719,1.1951309060786,08/2000,2000,Agosto,9,8
32,2000-09-30,105.3,26.956667,21.299333,17.016667,124.379966787108,-19.0799667871077,0.504625138387376,1.78653334831749,09/2000,2000,Setembro,3,9
33,2000-10-31,201.8,29.23871,23.277419,18.422581,154.12970563735,47.6702943626496,1.24096958872004,1.40426686359575,10/2000,2000,Outubro,17,10
34,2000-11-30,231.7,25.526667,20.743333,17.693333,125.850081847584,105.849918152416,1.08694540313196,1.05066597359482,11/2000,2000,Novembro,0,11
35,2000-12-31,155.3,26.745161,21.556774,18.354839,139.733972713599,15.566027286401,0.451603430649512,-0.228760992741067,12/2000,2000,Dezembro,0,12
36,2001-01-31,179.4,26.970968,22.092258,18.116129,143.242730129048,36.1572698709524,0.324031305014055,-0.93072003718832,01/2001,2001,Janeiro,0,1
37,2001-02-28,105.9,28.528571,22.525714,18.125,138.993853727391,-33.0938537273908,-0.42469027466305,-1.41192677423847,02/2001,2001,Fevereiro,1,2
38,2001-03-31,191.5,26.312903,21.361935,17.73871,126.432888875473,65.067111124527,-1.08788101732605,-0.899536612612578,03/2001,2001,Março,0,3
39,2001-04-30,145.4,27.176667,21.854,17.753333,114.235443229263,31.1645567707373,-1.1253006926853,-0.727114753661619,04/2001,2001,Abril,0,4
40,2001-05-31,36.2,26.6,20.815484,16.225806,104.957010291812,-68.7570102918121,-1.07012936585661,-0.108771769804332,05/2001,2001,Maio,0,5
41,2001-06-30,0.0,25.42,19.406667,14.58,92.0055589951896,-92.0055589951896,-0.605562832538495,0.245309568697548,06/2001,2001,Junho,3,6
42,2001-07-31,14.6,25.832258,19.833548,14.564516,100.513510105266,-85.9135101052659,-0.463821064488894,0.775010181409402,07/2001,2001,Julho,22,7
43,2001-08-31,38.5,25.422581,19.526452,14.590323,110.974251107296,-72.4742511072957,0.270226216143417,1.484619942016,08/2001,2001,Agosto,25,8
44,2001-09-30,50.5,27.603333,21.827333,17.17,128.710270349796,-78.2102703497959,0.698888327369783,1.29225542672807,09/2001,2001,Setembro,13,9
45,2001-10-31,132.5,25.987097,21.096129,17.280645,130.986727285805,1.51327271419547,0.601245857379736,0.815672198426068,10/2001,2001,Outubro,0,10
46,2001-11-30,199.6,25.816667,21.254,18.126667,125.837681961122,73.7623180388783,0.0076084399553329,0.15812565663832,11/2001,2001,Novembro,0,11
47,2001-12-31,191.4,25.987097,21.448387,18.254839,132.716030937284,58.6839690627159,-0.32905218344211,-0.472986721337427,12/2001,2001,Dezembro,1,12
48,2002-01-31,208.3,26.43871,21.721935,18.43871,135.799197428204,72.5008025717964,-0.377648893119773,-0.504392853978703,01/2002,2002,Janeiro,0,1
49,2002-02-28,233.0,26.482143,21.485,18.128571,121.455758127718,111.544241872282,-0.197099868539494,0.173258910437616,02/2002,2002,Fevereiro,0,2
50,2002-03-31,133.8,27.309677,22.347742,18.570968,130.571067806224,3.22893219377616,-0.865893521731339,0.0314691834118408,03/2002,2002,Março,0,3
51,2002-04-30,90.1,26.626667,22.000667,17.796667,109.88486346491,-19.7848634649102,-0.863583188381052,-0.511769422343511,04/2002,2002,Abril,1,4
52,2002-05-31,18.2,26.329032,20.874194,16.267742,103.060192220427,-84.8601922204271,-0.699300103161589,-0.955565270893291,05/2002,2002,Maio,1,5
53,2002-06-30,0.0,24.886667,19.396,14.443333,89.5061647087061,-89.5061647087061,-0.452355069133077,-0.44765912358355,06/2002,2002,Junho,7,6
54,2002-07-31,16.5,26.193548,20.101935,14.935484,101.438404819909,-84.9384048199094,-0.477943033481528,0.395203703573501,07/2002,2002,Julho,38,7
55,2002-08-31,17.8,27.293548,21.537419,16.277419,117.178318931122,-99.3783189311224,-0.851441688845966,0.914272454286213,08/2002,2002,Agosto,49,8
56,2002-09-30,67.8,27.776667,21.912667,17.013333,130.757053891765,-62.9570538917645,0.0669419737982946,1.16521506991552,09/2002,2002,Setembro,41,9
57,2002-10-31,57.5,30.519355,24.551613,19.358065,160.737008266935,-103.237008266935,-0.233469427463663,-0.120437780191488,10/2002,2002,Outubro,22,10
58,2002-11-30,175.1,27.493333,22.470667,18.523333,139.450097148169,35.6499028518305,-0.820986940700993,-0.938857579027337,11/2002,2002,Novembro,1,11
59,2002-12-31,371.4,27.116129,22.26129,18.854839,140.151808922549,231.248191077451,0.180933053894438,-0.266656738176036,12/2002,2002,Dezembro,1,12
60,2003-01-31,229.4,26.790323,21.832903,18.674194,137.779128950734,91.620871049266,0.257038911119595,0.761471014345719,01/2003,2003,Janeiro,0,1
61,2003-02-28,164.3,27.235714,22.289286,18.460714,126.16667082589,38.1333291741102,0.112294756596235,1.08317915153366,02/2003,2003,Fevereiro,1,2
62,2003-03-31,208.2,26.064516,21.089677,17.783871,123.932732820412,84.2672671795877,-0.17369372953445,0.217811114423934,03/2003,2003,Março,0,3
63,2003-04-30,75.2,26.696667,21.806667,17.976667,109.539416493275,-34.3394164932748,0.0093948899246717,-0.558991535526073,04/2003,2003,Abril,0,4
64,2003-05-31,8.7,25.335484,19.772903,15.083871,101.133621684177,-92.4336216841766,0.31328683287656,-0.588599041845032,05/2003,2003,Maio,1,5
65,2003-06-30,0.0,25.756667,19.654667,14.083333,95.2745195397046,-95.2745195397046,-0.437847215954353,-0.762870819366561,06/2003,2003,Junho,32,6
66,2003-07-31,0.0,25.23871,18.952258,13.622581,99.9935783061462,-99.9935783061462,-0.733118474171776,-0.617672045903135,07/2003,2003,Julho,50,7
67,2003-08-31,62.4,27.267742,20.894194,15.619355,119.453249641949,-57.0532496419491,-0.226199173762284,1.44428008381339,08/2003,2003,Agosto,43,8
68,2003-09-30,11.3,28.16,22.479333,17.71,130.570645500058,-119.270645500058,-0.477308490587205,0.766109816784366,09/2003,2003,Setembro,22,9
69,2003-10-31,64.8,28.135484,22.428387,18.009677,146.41452252085,-81.6145225208499,-0.567907009593679,-0.0460119785233802,10/2003,2003,Outubro,12,10
70,2003-11-30,276.4,26.82,21.734667,17.973333,136.412329042179,139.987670957821,-0.151510128396347,-0.316593785890102,11/2003,2003,Novembro,0,11
71,2003-12-31,191.5,28.022581,23.064516,18.819355,149.505573378847,41.9944266211527,-0.469744528708989,-0.702095718634949,12/2003,2003,Dezembro,0,12
72,2004-01-31,344.4,25.464516,21.178065,18.822581,122.829339090024,221.570660909976,0.452829844848502,1.06161611191444,01/2004,2004,Janeiro,0,1
73,2004-02-29,422.3,25.503448,20.788966,17.975862,113.668558129839,308.631441870161,1.49873427061646,2.39423614792308,02/2004,2004,Fevereiro,0,2
74,2004-03-31,266.8,26.006452,21.215484,18.112903,121.41400626129,145.38599373871,1.88751051121149,2.10390024678629,03/2004,2004,Março,0,3
75,2004-04-30,171.2,25.93,21.060667,17.613333,105.470224885791,65.7297751142095,2.01383913081433,1.93755291699852,04/2004,2004,Abril,2,4
76,2004-05-31,11.6,25.76129,20.68129,16.732258,97.5014397066865,-85.9014397066865,1.97308539972275,0.598214381222187,05/2004,2004,Maio,11,5
77,2004-06-30,0.0,24.22,18.68,13.983333,87.2836491422544,-87.2836491422544,2.17945251444048,0.461762191638952,06/2004,2004,Junho,5,6
78,2004-07-31,0.5,24.067742,18.012667,13.312903,94.3019100290226,-93.8019100290226,1.72031752769134,0.139735193888042,07/2004,2004,Julho,46,7
79,2004-08-31,0.0,27.196774,20.62,14.687097,122.208430022962,-122.208430022962,0.423224545983267,-0.123505660256256,08/2004,2004,Agosto,110,8
80,2004-09-30,0.0,30.05,23.460667,17.52,145.959351990841,-145.959351990841,-0.199090107147613,-0.937697975250744,09/2004,2004,Setembro,116,9
81,2004-10-31,172.3,28.922581,23.050968,18.622581,150.19755930865,22.1024406913497,-0.166587377591374,0.0659478774609029,10/2004,2004,Outubro,22,10
82,2004-11-30,103.9,27.603333,22.089333,18.45,140.931247935235,-37.0312479352348,-1.37716495427487,-1.21869630350644,11/2004,2004,Novembro,0,11
83,2004-12-31,126.0,26.929032,21.72,18.077419,143.357416796641,-17.357416796641,-2.06959699721672,-1.5284729688634,12/2004,2004,Dezembro,0,12
84,2005-01-31,255.2,27.077419,21.914194,18.448387,142.173360613508,113.026639386492,-1.55816678300587,-1.78605566396899,01/2005,2005,Janeiro,0,1
85,2005-02-28,262.2,27.732143,22.363571,18.357143,131.038935137841,131.161064862159,-0.816568069277192,0.0469811610663897,02/2005,2005,Fevereiro,0,2
86,2005-03-31,398.6,26.877419,21.664516,18.006452,129.946084182832,268.653915817168,0.507979636120526,1.65048834034041,03/2005,2005,Março,0,3
87,2005-04-30,28.0,27.393333,22.082667,17.57,116.68304071067,-88.6830407106701,-0.240950698904521,0.915210640727729,04/2005,2005,Abril,0,4
88,2005-05-31,17.0,25.448387,19.714839,14.806452,102.817933259923,-85.8179332599234,0.467359656709809,0.373303929842662,05/2005,2005,Maio,4,5
89,2005-06-30,5.4,24.826667,19.448667,15.17,86.8348198541948,-81.4348198541948,1.06664277053035,-1.14615399424,06/2005,2005,Junho,4,6
90,2005-07-31,0.2,25.335484,19.110323,13.954839,99.5451206067036,-99.3451206067036,0.888600408782935,0.153087472578153,07/2005,2005,Julho,38,7
91,2005-08-31,39.1,27.406452,21.109677,16.051613,118.79645419882,-79.6964541988202,0.65699562318362,1.26170012600282,08/2005,2005,Agosto,46,8
92,2005-09-30,55.9,29.193333,23.092667,18.58,134.661283175175,-78.7612831751749,-0.617966906122577,1.03013556191208,09/2005,2005,Setembro,25,9
93,2005-10-31,57.3,30.925806,24.767097,19.729032,162.456539971357,-105.156539971357,-0.263390724876857,-0.101166120344093,10/2005,2005,Outubro,18,10
94,2005-11-30,226.5,26.546667,21.454667,18.426667,130.982446699712,95.5175533002885,-0.394827031179127,-0.557482373368947,11/2005,2005,Novembro,5,11
95,2005-12-31,419.3,25.483871,21.063226,17.809677,130.64627513887,288.65372486113,0.730187381894461,0.525742132029013,12/2005,2005,Dezembro,0,12
96,2006-01-31,123.1,27.487097,22.216129,18.251613,147.47054160805,-24.3705416080496,0.27072777395497,0.770509644080382,01/2006,2006,Janeiro,0,1
97,2006-02-28,191.4,27.875,22.095,18.635714,130.758114898935,60.6418851010654,0.160696742229223,0.816040105148791,02/2006,2006,Fevereiro,0,2
98,2006-03-31,257.9,26.629032,21.660645,18.654839,123.815255453129,134.084744546871,0.25351673099753,-0.091520166598113,03/2006,2006,Março,0,3
99,2006-04-30,141.7,26.593333,21.324667,17.906667,109.093771852319,32.6062281476812,0.66291610423306,0.392228066006923,04/2006,2006,Abril,1,4
100,2006-05-31,35.1,26.03871,20.149032,15.416129,104.349463620324,-69.2494636203239,0.874938548100163,0.397208432213218,05/2006,2006,Maio,9,5
101,2006-06-30,0.9,24.446667,18.640667,13.836667,88.9573441610825,-88.0573441610825,-0.0612432518294314,0.294304900711266,06/2006,2006,Junho,10,6
102,2006-07-31,0.1,25.687097,19.268387,13.893548,101.727680080304,-101.627680080304,0.403037272090119,0.407065387134941,07/2006,2006,Julho,38,7
103,2006-08-31,52.8,28.248387,21.829032,16.745161,121.892478748809,-69.0924787488093,0.658187331391394,1.3014205205435,08/2006,2006,Agosto,64,8
104,2006-09-30,40.3,28.193333,22.175333,17.45,132.022192322859,-91.7221923228589,0.587365905177412,0.967279453113934,09/2006,2006,Setembro,17,9
105,2006-10-31,526.4,26.532258,21.237419,18.106452,131.098265253487,395.301734746513,2.77525353335145,2.21967843531816,10/2006,2006,Outubro,1,10
106,2006-11-30,195.6,26.576667,21.530667,18.04,133.706503834526,61.8934961654741,2.304220217949,1.9745241321432,11/2006,2006,Novembro,0,11
107,2006-12-31,182.1,26.693548,21.805806,18.625806,137.393936035794,44.7060639642061,1.78726018884477,1.76174501676002,12/2006,2006,Dezembro,0,12
108,2007-01-31,269.6,26.932258,22.049677,18.812903,138.283592287261,131.316407712739,2.19818284681353,-0.209812972911894,01/2007,2007,Janeiro,1,1
109,2007-02-28,265.9,26.314286,21.417143,18.292857,119.011392220334,146.888607779666,2.35856273005635,0.800778518942455,02/2007,2007,Fevereiro,0,2
110,2007-03-31,35.7,28.043333,22.638065,18.487097,137.631039067848,-101.931039067848,1.39978953731386,-0.0480662935000581,03/2007,2007,Março,1,3
111,2007-04-30,50.1,27.576667,22.124,18.073333,115.745001773422,-65.6450017734215,-1.18318424548348,-1.26379707878376,04/2007,2007,Abril,3,4
112,2007-05-31,7.5,26.883871,20.779355,15.680645,108.706739404171,-101.206739404171,-1.08756889922035,-1.79871193376973,05/2007,2007,Maio,16,5
113,2007-06-30,0.0,26.163333,19.900741,14.663333,95.8013141253656,-95.8013141253656,-0.792133912362024,-1.22152886736255,06/2007,2007,Junho,59,6
114,2007-07-31,0.0,26.732258,20.266452,14.93871,104.556112533234,-104.556112533234,-1.51593476325414,-1.14648234767624,07/2007,2007,Julho,87,7
115,2007-08-31,0.0,26.903226,20.390968,14.816129,119.871525831746,-119.871525831746,-3.0995061587603,-0.874467392478661,08/2007,2007,Agosto,197,8
116,2007-09-30,0.0,29.563333,23.249333,17.49,142.384806849103,-142.384806849103,-2.04355927091601,-1.05125129831004,09/2007,2007,Setembro,99,9
117,2007-10-31,38.3,30.466667,24.004516,19.0,162.138181055793,-123.838181055793,-2.27232195596439,-1.52690335958573,10/2007,2007,Outubro,22,10
118,2007-11-30,224.9,28.106667,22.481333,18.506667,145.318740993803,79.5812590061969,-1.51801445826675,-1.45800702797628,11/2007,2007,Novembro,0,11
119,2007-12-31,275.0,26.867742,21.772258,18.122581,142.464270518698,132.535729481302,-0.957607556555712,-0.782975050546584,12/2007,2007,Dezembro,0,12
120,2008-01-31,201.0,26.458065,21.623871,18.16129,137.851655742796,63.1483442572037,-0.945044931490871,0.113485561094979,01/2008,2008,Janeiro,0,1
121,2008-02-29,227.6,26.617241,21.466897,18.141379,122.567132407665,105.032867592335,-0.505893700554004,0.630484095293661,02/2008,2008,Fevereiro,0,2
122,2008-03-31,234.6,26.196774,21.18,17.890323,124.498643156077,110.101356843923,-0.201875500073791,0.622183012145858,03/2008,2008,Março,2,3
123,2008-04-30,210.2,26.916667,21.680667,17.933333,111.425784819441,98.7742151805585,0.724778803536335,0.931431721356705,04/2008,2008,Abril,1,4
124,2008-05-31,0.0,25.877419,20.127742,14.967742,104.913463358596,-104.913463358596,0.77620814125334,0.444562186600213,05/2008,2008,Maio,7,5
125,2008-06-30,0.0,25.18,19.507333,14.31,91.5112543036047,-91.5112543036047,0.604568954032835,0.553312225598867,06/2008,2008,Junho,11,6
126,2008-07-31,0.0,24.980645,18.895484,13.474194,98.9771566353183,-98.9771566353183,0.668959313269662,-0.911476780072023,07/2008,2008,Julho,39,7
127,2008-08-31,2.7,27.716129,21.534839,15.596774,122.505216181173,-119.805216181173,0.406845082613075,-0.424459757274204,08/2008,2008,Agosto,71,8
128,2008-09-30,79.9,29.923333,23.142,17.606667,144.641878131807,-64.7418781318068,0.756677110131343,0.653334085462439,09/2008,2008,Setembro,56,9
129,2008-10-31,38.7,30.309677,24.096129,18.790323,161.809774263699,-123.109774263699,-0.890901189333659,-0.564094958724116,10/2008,2008,Outubro,8,10
130,2008-11-30,271.0,27.233333,21.608,18.05,139.830836284352,131.169163715648,-0.330590780336595,-0.280434067087359,11/2008,2008,Novembro,6,11
131,2008-12-31,323.4,25.919355,21.183226,18.36129,131.276210559937,192.123789440063,0.240263022443808,-0.0114143989331897,12/2008,2008,Dezembro,0,12
132,2009-01-31,205.0,27.209677,22.101935,18.619355,142.384317699414,62.6156823005856,0.267618578447726,0.948245083119624,01/2009,2009,Janeiro,1,1
133,2009-02-28,134.8,27.403571,22.194286,18.45,127.690293944077,7.10970605592257,0.0349568342177343,0.325152016447254,02/2009,2009,Fevereiro,0,2
134,2009-03-31,81.0,27.93871,22.338065,18.416129,137.094741812662,-56.0947418126621,-1.1676989866037,-1.35670470331817,03/2009,2009,Março,0,3
135,2009-04-30,375.9,25.766667,20.910667,17.693333,103.806404714751,272.093595285249,0.806340976518506,0.364336220195043,04/2009,2009,Abril,0,4
136,2009-05-31,61.2,25.248387,20.036129,15.870968,97.6161964570845,-36.4161964570845,0.937229856269403,0.982189856624232,05/2009,2009,Maio,15,5
137,2009-06-30,9.3,24.99,19.156,14.22,90.7496874771958,-81.4496874771958,0.572634011645779,2.13209352564614,06/2009,2009,Junho,6,6
138,2009-07-31,0.0,26.606452,20.460645,14.53871,105.044870669792,-105.044870669792,0.610138949202722,1.35787005497915,07/2009,2009,Julho,32,7
139,2009-08-31,72.5,26.919355,20.778065,15.764516,116.592537176367,-44.0925371763673,1.27790315720841,1.84754590542479,08/2009,2009,Agosto,37,8
140,2009-09-30,50.5,28.306667,22.814,18.563333,127.62609443858,-77.1260944385798,2.4160978022851,1.40663539815965,09/2009,2009,Setembro,4,9
141,2009-10-31,295.8,27.567742,21.696129,18.03871,141.098438677134,154.701561322866,1.97122433117509,1.67327119966896,10/2009,2009,Outubro,4,10
142,2009-11-30,199.1,27.74,22.27,18.646667,141.042023035384,58.0579769646165,1.27905369423696,1.05701882178649,11/2009,2009,Novembro,0,11
143,2009-12-31,307.8,26.103226,21.282581,18.167742,134.497686989683,173.302313010317,1.4242594398235,1.17772376210634,12/2009,2009,Dezembro,0,12
144,2010-01-31,121.0,27.574194,22.423226,18.416129,147.305403479496,-26.3054034794964,1.01823351560541,-0.503422463432559,01/2010,2010,Janeiro,1,1
145,2010-02-28,37.2,28.417857,23.121429,18.95,133.747395768359,-96.5473957683594,-0.221560628461184,-1.22209819889848,02/2010,2010,Fevereiro,5,2
146,2010-03-31,244.7,28.141935,22.435484,18.845161,136.50456990099,108.19543009901,-0.175570325383044,-1.59750887222233,03/2010,2010,Março,2,3
147,2010-04-30,238.8,27.103333,21.472667,16.996667,117.085511605321,121.714488394679,-0.371121608724838,-0.247722601413123,04/2010,2010,Abril,8,4
148,2010-05-31,27.5,27.883871,21.268387,15.767742,114.621300695073,-87.1213006950725,-0.116254650416736,0.724053155133084,05/2010,2010,Maio,22,5
149,2010-06-30,0.0,26.116667,19.348667,13.493333,98.7734576861384,-98.7734576861384,-0.53890367774737,0.845297260005894,06/2010,2010,Junho,78,6
150,2010-07-31,0.0,25.841935,19.594194,14.4,101.081104373079,-101.081104373079,-0.0923370906109273,-0.59009861508327,07/2010,2010,Julho,100,7
151,2010-08-31,0.0,27.466667,20.584667,14.173333,125.581605425837,-125.581605425837,0.790263095098111,-1.11680419596958,08/2010,2010,Agosto,181,8
152,2010-09-30,0.0,30.173333,23.439333,17.6,146.568978832086,-146.568978832086,0.550673681427154,-1.20288190288956,09/2010,2010,Setembro,204,9
153,2010-10-31,189.9,29.235484,23.006452,18.741935,152.390337906601,37.5096620933988,0.145584994747402,0.169317476253526,10/2010,2010,Outubro,10,10
154,2010-11-30,254.5,26.25,21.214286,17.739286,132.458964736677,122.041035263323,0.0726560988822797,0.278846661606289,11/2010,2010,Novembro,1,11
155,2010-12-31,318.0,27.022581,21.865806,18.383871,142.325663154622,175.674336845378,0.521583895117324,0.881640714049984,12/2010,2010,Dezembro,1,12
156,2011-01-31,126.8,26.606452,21.874839,18.425806,137.588072482186,-10.7880724821861,0.0694308362974998,0.210976044643696,01/2011,2011,Janeiro,0,1
157,2011-02-28,172.4,27.403846,21.740769,17.992308,130.180014132801,42.2199858671992,0.0886109866134175,-0.108789535639005,02/2011,2011,Fevereiro,2,2
158,2011-03-31,243.2,26.745161,21.600645,18.303226,127.023930359696,116.176069640304,0.428721875442087,-0.262616021165778,03/2011,2011,Março,0,3
159,2011-04-30,69.5,26.876667,21.555333,17.58,112.798161845118,-43.2981618451176,-0.187478767301386,-0.37378776143787,04/2011,2011,Abril,1,4
160,2011-05-31,13.9,25.829032,20.203871,15.393548,103.114671992186,-89.2146719921855,-0.300969321691409,-0.414005817520359,05/2011,2011,Maio,5,5
161,2011-06-30,3.8,25.73,19.394667,14.141379,94.9676730854505,-91.1676730854505,-0.78701405398884,-0.781393638345887,06/2011,2011,Junho,18,6
162,2011-07-31,0.0,26.374194,19.682581,13.751613,106.005604895749,-106.005604895749,-0.399352985175365,-0.567792643995163,07/2011,2011,Julho,54,7
163,2011-08-31,0.0,29.132258,22.19871,15.790323,131.157733902021,-131.157733902021,-0.408159729161132,-1.25266563245528,08/2011,2011,Agosto,55,8
164,2011-09-30,7.0,30.01,23.126667,17.0,147.727367931581,-140.727367931581,-1.33400933948859,-1.31361304129522,09/2011,2011,Setembro,135,9
165,2011-10-31,263.9,26.216129,20.767742,17.280645,133.083768755776,130.816231244224,0.724703788882284,0.866574225023285,10/2011,2011,Outubro,0,10
166,2011-11-30,333.8,25.936667,20.855333,17.213333,132.689195991843,201.110804008157,1.16723056677994,1.33058747075628,11/2011,2011,Novembro,0,11
167,2011-12-31,324.5,26.051613,21.032903,17.987097,135.192477903156,189.307522096844,1.44241955670472,1.84828661515065,12/2011,2011,Dezembro,0,12
168,2012-01-31,269.9,25.383333,20.536774,17.319355,132.656795704953,137.243204295047,1.85054258979335,1.7257528672326,01/2012,2012,Janeiro,0,1
169,2012-02-29,114.9,26.934483,21.498621,17.57931,128.375699308665,-13.4756993086647,1.5161766515953,0.72576681796457,02/2012,2012,Fevereiro,0,2
170,2012-03-31,196.9,27.609677,21.928387,17.77,137.700437526306,59.1995624736938,1.5553158829201,0.0005227677113077,03/2012,2012,Março,0,3
171,2012-04-30,121.3,27.833333,22.24,18.233333,116.928754140335,4.37124585966534,0.669398170247671,-0.813767966238262,04/2012,2012,Abril,4,4
172,2012-05-31,44.4,24.977419,19.516129,15.548387,97.1271704046804,-52.7271704046804,0.389644307422681,-0.226274215696938,05/2012,2012,Maio,0,5
173,2012-06-30,2.4,26.166667,20.269333,15.6,92.9609449981159,-90.5609449981159,-0.0629490974022971,0.15041845780951,06/2012,2012,Junho,4,6
174,2012-07-31,0.2,26.06129,19.769032,14.141935,103.115723994369,-102.915723994369,-0.559907510850438,0.788219636362219,07/2012,2012,Julho,27,7
175,2012-08-31,0.0,26.122581,19.803226,14.558065,115.676436200264,-115.676436200264,-0.148084774750248,-0.374328404451781,08/2012,2012,Agosto,51,8
176,2012-09-30,32.9,29.916667,23.410667,18.166667,142.215717707552,-109.315717707552,-0.0206372776900735,-0.174360849941738,09/2012,2012,Setembro,67,9
177,2012-10-31,109.8,30.23871,23.77871,18.545161,162.420144834953,-52.6201448349533,-0.114043893920405,-0.241667162639126,10/2012,2012,Outubro,16,10
178,2012-11-30,444.6,26.593333,21.450667,17.966667,134.314515529254,310.285484470746,1.05376751899026,1.1234093912609,11/2012,2012,Novembro,0,11
179,2012-12-31,141.9,28.664516,22.71871,18.093548,160.067317084647,-18.1673170846466,0.32402282949449,0.260489647218468,12/2012,2012,Dezembro,0,12
180,2013-01-31,491.8,26.083871,21.34,17.919355,135.698190125103,356.101809874897,1.96436197506842,2.20579928488094,01/2013,2013,Janeiro,0,1
181,2013-02-28,190.1,28.621429,22.922857,18.160714,139.592918391369,50.5070816086311,2.01708573779964,1.27771905267693,02/2013,2013,Fevereiro,1,2
182,2013-03-31,190.3,27.745161,22.350968,18.332258,135.841558661307,54.4584413386934,1.89960759359728,1.47111671184077,03/2013,2013,Março,1,3
183,2013-04-30,95.4,26.276667,20.968667,17.223333,109.982005494936,-14.5820054949358,1.5231210811168,-0.543181006114171,04/2013,2013,Abril,0,4
184,2013-05-31,22.2,26.770968,20.680645,15.387097,109.009840840129,-86.8098408401288,0.693307956895196,-0.617472723132205,05/2013,2013,Maio,2,5
185,2013-06-30,6.2,25.643333,20.244,15.536667,90.2255828561414,-84.0255828561414,1.20755991118605,-0.350040319580642,06/2013,2013,Junho,5,6
186,2013-07-31,0.3,26.480645,19.816774,14.176667,105.393809097131,-105.093809097131,-0.387527723150988,-0.177607605029423,07/2013,2013,Julho,25,7
187,2013-08-31,0.0,27.819355,20.982581,14.693548,126.198034999979,-126.198034999979,-0.53399157318205,-0.64941075378102,08/2013,2013,Agosto,33,8
188,2013-09-30,65.9,29.193333,22.610667,17.253333,140.557100929658,-74.6571009296581,-0.130971556167549,0.263650881976929,09/2013,2013,Setembro,33,9
189,2013-10-31,106.7,28.441935,22.230323,17.612903,151.246042372169,-44.5460423721689,-0.0024086045353242,0.072074174618133,10/2013,2013,Outubro,3,10
190,2013-11-30,278.8,27.293333,21.927333,17.98,140.799676567595,138.000323432405,0.171930929786773,0.321822298789795,11/2013,2013,Novembro,0,11
191,2013-12-31,353.6,26.722581,21.499355,18.216129,140.416471205115,213.183528794885,0.770137742209219,0.704170942419885,12/2013,2013,Dezembro,2,12
192,2014-01-31,153.0,27.774194,22.255484,17.845161,152.683173472578,0.316826527421824,0.496554732682239,0.711457942774988,01/2014,2014,Janeiro,0,1
193,2014-02-28,139.2,27.114286,21.884286,17.896429,128.220472624973,10.9795273750272,0.302693403129526,0.0283504915365193,02/2014,2014,Fevereiro,1,2
194,2014-03-31,341.9,26.541935,21.449032,17.812903,128.055032075542,213.844967924458,0.827811099759443,0.292214060664811,03/2014,2014,Março,1,3
195,2014-04-30,249.3,26.96,21.497333,17.86,112.105170793383,137.194829206617,1.35930862831205,1.20054546291632,04/2014,2014,Abril,2,4
196,2014-05-31,2.8,26.532258,20.533548,15.290323,107.860755524537,-105.060755524537,1.21640956723957,1.42398461792357,05/2014,2014,Maio,9,5
197,2014-06-30,9.9,25.38,19.515333,14.456667,92.1589907846125,-82.2589907846125,0.720231895334732,0.958548364686109,06/2014,2014,Junho,6,6
198,2014-07-31,7.9,25.219355,19.043871,13.996774,98.7534878890133,-90.8534878890133,1.10369069387757,-0.259961195146561,07/2014,2014,Julho,28,7
199,2014-08-31,0.0,27.880645,21.347097,14.96129,125.729017430623,-125.729017430623,1.33953891057129,0.0584195961902647,08/2014,2014,Agosto,96,8
200,2014-09-30,16.2,30.19,23.77,18.256667,143.94317074708,-127.74317074708,0.705783763993892,-0.5326595294816,09/2014,2014,Setembro,67,9
201,2014-10-31,201.4,29.903226,23.489677,18.441935,159.963064428355,41.4369355716448,0.326319254383384,0.361440450058208,10/2014,2014,Outubro,31,10
202,2014-11-30,192.1,27.266667,21.968,18.32,138.534869031772,53.5651309682278,-0.0545004514314292,-0.0795963159728192,11/2014,2014,Novembro,0,11
203,2014-12-31,366.7,26.087097,21.3,17.883871,136.234197322164,230.465802677836,0.649588933003147,0.821931569106955,12/2014,2014,Dezembro,0,12
204,2015-01-31,93.9,29.158065,23.315484,17.958065,165.149545636004,-71.2495456360038,-0.0517366304141898,-0.433949293762531,01/2015,2015,Janeiro,1,1
205,2015-02-28,127.0,26.821429,22.028571,18.125,124.441828990617,2.55817100938275,-0.310526031502229,-0.458047273383251,02/2015,2015,Fevereiro,0,2
206,2015-03-31,345.5,26.090323,21.173548,17.912903,123.397874504669,222.102125495331,0.557391399762744,-0.218384835283373,03/2015,2015,Março,0,3
207,2015-04-30,206.8,26.853333,21.677333,18.276667,109.253430151651,97.5465698483492,0.532806681496806,0.979464731865957,04/2015,2015,Abril,0,4
208,2015-05-31,48.3,24.664516,19.855484,16.016129,93.2088591248865,-44.9088591248865,0.970624648815787,1.60476340657818,05/2015,2015,Maio,2,5
209,2015-06-30,0.0,25.324138,19.34,14.493333,91.7444845607442,-91.7444845607442,0.332451098527133,1.0435991294708,06/2015,2015,Junho,1,6
210,2015-07-31,0.8,27.145161,20.276774,14.812903,107.314670353583,-106.514670353583,0.981872024100337,0.871457438877517,07/2015,2015,Julho,15,7
211,2015-08-31,0.0,28.880645,21.502581,15.119355,131.676856022351,-131.676856022351,1.28571552500015,-1.32826601331209,08/2015,2015,Agosto,53,8
212,2015-09-30,21.6,32.01,24.543333,18.323333,157.615961868263,-136.015961868263,0.639304636552347,-1.22602920543693,09/2015,2015,Setembro,64,9
213,2015-10-31,69.4,33.0,25.623226,19.670968,181.394649934988,-111.994649934988,-0.652236543564698,-1.44181754860782,10/2015,2015,Outubro,17,10
214,2015-11-30,167.8,31.01,23.898,19.276667,167.834097350599,-0.0340973505990974,-1.55642120481938,-2.03512810358048,11/2015,2015,Novembro,2,11
215,2015-12-31,171.6,30.077419,23.51871,18.977419,168.598004446612,3.00199555338847,-1.81635768035707,-1.94275302475796,12/2015,2015,Dezembro,0,12
216,2016-01-31,397.6,27.112903,21.723226,18.56129,141.793019213579,255.806980786421,-0.329439789266943,-0.0274011288167638,01/2016,2016,Janeiro,0,1
217,2016-02-29,84.8,30.172414,23.473103,18.637931,150.191155591518,-65.3911555915183,-0.862205266102738,-0.215822651920985,02/2016,2016,Fevereiro,1,2
218,2016-03-31,150.6,29.322581,23.147742,18.964516,146.353576609937,4.24642339006337,-1.25087822449501,0.0839593933042822,03/2016,2016,Março,1,3
219,2016-04-30,11.0,29.76,23.384,17.963333,132.247409462774,-121.247409462774,-1.27249285599659,-2.15293899928672,04/2016,2016,Abril,4,4
220,2016-05-31,3.9,29.174194,21.881481,16.651613,119.72484245769,-115.82484245769,-1.03413377555077,-1.63993006480582,05/2016,2016,Maio,13,5
221,2016-06-30,0.0,27.816667,20.199259,14.623333,104.778498585277,-104.778498585277,-0.671082663895855,-2.08637951732164,06/2016,2016,Junho,37,6
222,2016-07-31,0.0,28.529032,20.932903,14.680645,115.555329043862,-115.555329043862,-2.59382904945023,-2.43045285564462,07/2016,2016,Julho,78,7
223,2016-08-31,20.9,29.606452,22.162581,15.96129,133.702528324144,-112.802528324144,-1.74800372926738,-1.47954028015669,08/2016,2016,Agosto,35,8
224,2016-09-30,55.9,31.633333,24.116667,18.313333,154.790709369511,-98.8907093695111,-1.37532924530132,-0.160465334763731,09/2016,2016,Setembro,51,9
225,2016-10-31,83.7,30.251613,23.596129,18.951613,160.457076299426,-76.7570762994261,-0.374642237171427,-0.354759215573038,10/2016,2016,Outubro,8,10
226,2016-11-30,228.4,27.956667,22.129333,18.4,144.53774157177,83.8622584282301,-0.358128751259046,-0.587650615665119,11/2016,2016,Novembro,1,11
227,2016-12-31,156.1,28.787097,22.505161,18.258065,160.30638317335,-4.20638317335022,-0.907144687370843,-1.3231562916595,12/2016,2016,Dezembro,0,12
228,2017-01-31,146.5,29.096774,22.965161,18.6,161.003111839245,-14.5031118392452,-1.29659829787993,-1.7317831432263,01/2017,2017,Janeiro,1,1
229,2017-02-28,258.8,27.9,21.886429,18.371429,132.402405283511,126.397594716489,-0.751195415644108,-0.848414285542503,02/2017,2017,Fevereiro,0,2
230,2017-03-31,177.2,29.1,22.68,18.364516,147.535051346941,29.664948653059,-1.18963373545123,-0.309122802707773,03/2017,2017,Março,0,3
231,2017-04-30,26.7,28.493333,22.847333,18.67,119.869387153952,-93.1693871539519,-1.21341939807192,-0.728749315155193,04/2017,2017,Abril,1,4
232,2017-05-31,64.3,27.309677,21.390968,16.693548,107.767804284241,-43.4678042842413,-0.971862090263695,-0.988202071772971,05/2017,2017,Maio,6,5
233,2017-06-30,0.0,26.037931,19.882069,14.99,94.1467229633755,-94.1467229633755,-0.512565617940538,-0.861960622131064,06/2017,2017,Junho,5,6
234,2017-07-31,0.0,23.383871,17.68129,12.770968,92.1041347329206,-92.1041347329206,-0.233485904039609,1.20694245481497,07/2017,2017,Julho,28,7
235,2017-08-31,0.0,28.890323,21.786452,14.93871,132.299527486714,-132.299527486714,-0.92382800351903,-0.797090314971764,08/2017,2017,Agosto,118,8
236,2017-09-30,9.2,27.936667,21.999333,16.93,132.352947084496,-123.152947084496,-1.23794920834482,-0.605563398547765,09/2017,2017,Setembro,77,9
237,2017-10-31,33.2,30.963333,24.803226,18.912903,167.014408943292,-133.814408943292,-1.09485192124957,-1.56951373194448,10/2017,2017,Outubro,51,10
238,2017-11-30,319.7,26.666667,21.75,18.343333,132.672628033631,187.027371966369,-0.581108306804097,-0.394892344151068,11/2017,2017,Novembro,0,11
239,2017-12-31,267.6,26.548387,21.80129,18.554839,136.395438562038,131.204561437962,-0.311602617054822,-0.121556375358833,12/2017,2017,Dezembro,0,12
240,2018-01-31,151.0,27.374194,22.226452,18.012903,147.829759195172,3.17024080482818,-0.651480282727908,0.487009022906024,01/2018,2018,Janeiro,0,1
241,2018-02-28,272.0,26.842857,21.857857,18.346429,123.373412526951,148.626587473049,0.0343454128863307,0.49218728379174,02/2018,2018,Fevereiro,0,2
242,2018-03-31,241.5,27.446667,22.318667,18.816129,130.369009855832,111.130990144168,0.3106142192237,0.531188327266136,03/2018,2018,Março,0,3
243,2018-04-30,218.9,25.543333,20.726667,17.316667,103.992283871402,114.907716128598,1.16289586212084,1.26756155067258,04/2018,2018,Abril,0,4
244,2018-05-31,10.9,25.53871,19.675484,14.532258,104.310551015753,-93.410551015753,0.842643894640254,0.651463160917064,05/2018,2018,Maio,2,5
245,2018-06-30,0.0,25.85,19.674667,13.66,96.9342482280254,-96.9342482280254,0.711131368492877,0.750639879331271,06/2018,2018,Junho,1,6
246,2018-07-31,0.0,25.95,19.391034,13.093333,105.454728117708,-105.454728117708,1.06245829804722,-0.926669182572274,07/2018,2018,Julho,29,7
247,2018-08-31,21.1,28.190323,21.685161,16.13871,123.735396607484,-102.635396607484,0.681361933543868,-0.196322798739023,08/2018,2018,Agosto,15,8
248,2018-09-30,38.8,30.286667,23.463333,17.633333,147.293187699664,-108.493187699664,0.73322486542475,0.0581499868130201,09/2018,2018,Setembro,41,9
249,2018-10-31,244.0,29.074194,23.397419,19.329032,147.603880616819,96.3961193831811,0.913961518433718,1.02163596094436,10/2018,2018,Outubro,0,10
250,2018-11-30,371.5,25.87,21.208667,18.286667,125.297039544249,246.202960455751,1.55766631492543,1.51542140880653,11/2018,2018,Novembro,0,11
251,2018-12-31,178.3,27.348387,22.047742,18.190323,146.780746934948,31.5192530650518,1.04030940168574,1.11044334703628,12/2018,2018,Dezembro,0,12
252,2019-01-31,74.3,28.622581,23.207742,18.454839,157.281390256706,-82.9813902567064,0.312901939331299,-0.596359875991679,01/2019,2019,Janeiro,4,1
253,2019-02-28,151.8,28.207143,22.642143,18.789286,132.796593333597,19.0034066664026,0.0709623668977757,-1.69198517929614,02/2019,2019,Fevereiro,1,2
254,2019-03-31,249.8,27.122581,21.969677,18.693548,128.135121631805,121.664878368195,0.21851803209763,-0.986305749708791,03/2019,2019,Março,0,3
255,2019-04-30,311.9,27.243333,21.932667,18.296667,112.151863799251,199.748136200749,0.559065535817307,1.08250215253831,04/2019,2019,Abril,0,4
256,2019-05-31,76.9,27.090323,21.437419,16.741935,106.171643009276,-29.2716430092761,0.238854029754863,1.71107555146943,05/2019,2019,Maio,0,5
257,2019-06-30,6.3,25.293333,19.470667,14.526667,91.4754975008141,-85.1754975008141,0.592224851881732,1.81473638501959,06/2019,2019,Junho,6,6
258,2019-07-31,0.0,25.858065,19.136774,12.893548,105.482253791748,-105.482253791748,1.34291164498978,1.42038608805701,07/2019,2019,Julho,30,7
259,2019-08-31,0.0,28.087097,21.424828,15.422581,125.542485501,-125.542485501,1.5070224134878,-0.689540992490534,08/2019,2019,Agosto,29,8
260,2019-09-30,8.7,31.356667,24.554483,18.516667,151.845821674512,-143.145821674512,1.50824146451417,-1.22515279961703,09/2019,2019,Setembro,116,9
261,2019-10-31,20.0,31.335484,24.579355,19.203226,168.879316074321,-148.879316074321,-1.02007468480441,-1.96613625183744,10/2019,2019,Outubro,27,10
262,2019-11-30,237.1,29.34,23.164667,18.796667,155.113065824445,81.986934175555,-1.42461034108705,-1.67657087868971,11/2019,2019,Novembro,0,11
263,2019-12-31,250.2,28.332258,22.796129,18.987097,151.526456331537,98.6735436684634,-1.12544088955956,-1.14696091469137,12/2019,2019,Dezembro,0,12
264,2020-01-31,280.3,27.648387,22.555484,19.106452,143.597017065872,136.702982934128,-0.543852735454829,0.455683178028193,01/2020,2020,Janeiro,2,1
265,2020-02-29,168.7,27.275862,22.070345,18.751724,124.856686724723,43.8433132752769,-0.517552086743311,0.462451411858492,02/2020,2020,Fevereiro,2,2
266,2020-03-31,264.1,26.996774,21.908,18.625806,127.389455177195,136.710544822805,-0.0833609940684807,0.837803094700157,03/2020,2020,Março,0,3
267,2020-04-30,159.1,26.676667,21.443333,18.0,109.271442818139,49.8285571818607,0.661063274953106,0.41228606655077,04/2020,2020,Abril,5,4
268,2020-05-31,26.8,25.548387,19.407097,14.483871,104.5318303632,-77.7318303632001,0.780159384915042,0.479698028596432,05/2020,2020,Maio,5,5
269,2020-06-30,0.3,25.58,19.320667,13.84,95.0142489923893,-94.7142489923893,0.736380927016164,0.31495584814638,06/2020,2020,Junho,11,6
270,2020-07-31,0.0,25.73871,19.28,13.422581,103.377194530822,-103.377194530822,0.354161449659652,-0.173742275508212,07/2020,2020,Julho,25,7
271,2020-08-31,0.0,27.148387,20.805714,14.416129,122.782694247924,-122.782694247924,0.424481911930905,-0.90431761191537,08/2020,2020,Agosto,22,8
272,2020-09-30,0.0,29.840909,23.364545,17.326087,145.164098369489,-145.164098369489,-0.169402504327995,-1.15770003386801,09/2020,2020,Setembro,83,9
273,2020-10-31,147.2,29.73871,23.794667,19.293548,153.957481256047,-6.75748125604667,-0.269623396896003,-0.211958115164579,10/2020,2020,Outubro,39,10
274,2020-11-30,196.8,27.166667,21.876667,18.093333,138.950762895635,57.8492371043654,-0.735469036111998,-0.608085262941966,11/2020,2020,Novembro,1,11
275,2020-12-31,136.6,28.4,22.802581,18.587097,154.650066513685,-18.0500665136847,-1.40359019205095,-1.13911395334614,12/2020,2020,Dezembro,1,12
276,2021-01-31,243.2,28.196774,22.428387,18.129032,155.08326163495,88.1167383650505,-1.05681653170831,-1.19382853269522,01/2021,2021,Janeiro,0,1
277,2021-02-28,486.8,26.253571,21.108571,18.367857,118.021333226342,368.778666773658,0.95535524850971,1.61473617966438,02/2021,2021,Fevereiro,0,2
278,2021-03-31,150.0,27.451613,21.830968,17.690323,136.748202084001,13.2517979159993,0.755300164729865,1.50411471534827,03/2021,2021,Março,0,3
279,2021-04-30,107.4,26.506667,20.973333,17.103333,112.243661182675,-4.84366118267508,0.480068743760816,1.28074263610184,04/2021,2021,Abril,4,4
280,2021-05-31,3.7,26.329032,20.13871,14.812903,108.208476864986,-104.508476864986,0.673331898909823,-0.924018012335849,05/2021,2021,Maio,9,5
281,2021-06-30,27.7,25.82,19.440667,13.903333,96.1135376132355,-68.4135376132355,1.31425053707954,-0.265217150637898,06/2021,2021,Junho,10,6
282,2021-07-31,0.0,25.723333,18.35,11.903226,107.259350935232,-107.259350935232,1.23360239108227,-0.334389772681518,07/2021,2021,Julho,38,7
283,2021-08-31,2.8,27.567742,20.863226,14.593548,124.90230630787,-122.10230630787,-0.72107792132968,0.100750768351809,08/2021,2021,Agosto,50,8
284,2021-09-30,11.8,32.053333,24.795333,18.726667,156.337673915507,-144.537673915507,-0.525672262644558,-1.21871667980077,09/2021,2021,Setembro,141,9
285,2021-10-31,136.8,29.590323,23.337419,19.383871,152.083656523938,-15.2836565239382,-0.182650186350956,-0.286209926135763,10/2021,2021,Outubro,7,10
286,2021-11-30,320.6,26.213333,21.457333,18.55,126.914294174838,193.685705825162,0.467493640547855,0.430297012151,11/2021,2021,Novembro,0,11
287,2021-12-31,340.1,26.541935,21.530968,18.619355,135.886315012571,204.213684987429,0.808728415923854,1.15845439874923,12/2021,2021,Dezembro,0,12
288,2022-01-31,118.9,26.680645,21.781333,18.316129,139.064484989952,-20.1644849899522,0.331442934981376,0.893898062522707,01/2022,2022,Janeiro,0,1
289,2022-02-28,204.0,26.907143,21.493333,18.167857,124.947211158452,79.0527888415481,0.508713318220393,0.335085182118493,02/2022,2022,Fevereiro,0,2
290,2022-03-31,101.8,28.080645,22.5,18.122581,139.935126990878,-38.1351269908784,-0.0721973773343287,-1.29642130870332,03/2022,2022,Março,6,3
291,2022-04-30,20.9,28.35,22.543333,17.856667,122.457758617982,-101.557758617982,-0.593125127698571,-1.50104066603211,04/2022,2022,Abril,4,4
292,2022-05-31,13.3,26.429032,19.767742,14.235484,110.652910722942,-97.352910722942,-1.16214665799772,-1.65912642364092,05/2022,2022,Maio,14,5
293,2022-06-30,0.2,26.726667,19.798,13.5,101.935347628053,-101.735347628053,-1.99764253810975,-1.64183905928399,06/2022,2022,Junho,17,6
294,2022-07-31,0.0,25.993548,19.11871,13.170968,105.485816790493,-105.485816790493,-1.68562753784329,-1.26070630982142,07/2022,2022,Julho,60,7
295,2022-08-31,0.0,28.167742,21.169677,14.887097,127.820890148475,-127.820890148475,-2.39214175127617,-1.56995419027316,08/2022,2022,Agosto,55,8
296,2022-09-30,34.5,29.789655,23.08069,17.37,144.598280025462,-110.098280025462,-1.79594712353173,-0.512010345501542,09/2022,2022,Setembro,85,9
297,2022-10-31,19.6,30.022581,23.715484,19.403226,155.957804074061,-136.357804074061,-1.76313216748995,-1.37093338346461,10/2022,2022,Outubro,10,10
298,2022-11-30,380.7,26.768966,20.948276,17.166667,140.602519794707,240.097480205293,0.0023371359833909,0.131573557517828,11/2022,2022,Novembro,0,11
299,2022-12-31,282.5,25.696774,21.095484,18.109677,130.747309832953,151.752690167047,0.250099818678567,0.369081741241247,12/2022,2022,Dezembro,0,12
